{
  "variables": {
    "jenkins-slave": "",
    "network": "",
    "security_group": "",
    "base_image": "",
    "encryption_key": "{{env `ENCRYPTION_KEY`}}"
  },
  "builders": [
    {
      "communicator": "ssh",
      "flavor": "m1.tiny",
      "floating_ip_pool": "FLOATINGIPNETWORKPLACEHOLDER",
      "image_name": "{{user `jenkins-slave`}}",
      "insecure": true,
      "networks": [
        "{{user `network`}}"
      ],
      "security_groups": [
        "default",
        "{{user `security_group`}}"
      ],
      "source_image_name": "{{user `base_image`}}",
      "ssh_username": "centos",
      "ssh_pty": true,
      "type": "openstack",
      "use_floating_ip": true
    }
  ],
  "provisioners": [
    {
      "type": "file",
      "source": "../config",
      "destination": "/tmp"
    },
    {
      "type": "shell",
      "environment_vars": [
        "ENCRYPTION_KEY={{user `encryption_key`}}"
      ],
      "scripts": [
        "./scripts/setup-hostname.sh",
        "./scripts/unlock-credentials.sh",
        "./scripts/install-utility-tools.sh",
        "./scripts/install-packages.sh",
        "./scripts/change_sudoers_permissions.sh",        
        "./scripts/create-jenkins-user.sh",
        "./scripts/configure-ssh-config.sh"
      ]
    }
  ]
}
