{
  "variables": {
    "jenkins-master": "",
    "network": "",
    "security_group": "",
    "base_image": "",
    "jenkins_cli_location": "/var/lib/jenkins/jenkins-cli.jar",
    "encryption_key": "{{env `ENCRYPTION_KEY`}}"
  },
  "builders": [
    {
      "communicator": "ssh",
      "flavor": "m1.tiny",
      "floating_ip_pool": "FLOATINGIPNETWORKPLACEHOLDER",
      "image_name": "{{user `jenkins-master`}}",
      "insecure": true,
      "networks": [
        "{{user `network`}}"
      ],
      "security_groups": [
        "default",
        "{{user `security_group`}}"
      ],
      "source_image_name": "{{user `base_image`}}",
      "ssh_username": "centos",
      "ssh_pty": true,
      "type": "openstack",
      "use_floating_ip": true
    }
  ],
  "provisioners": [
    {
      "type": "file",
      "source": "config",
      "destination": "/tmp"
    },
    {
      "type": "file",
      "source": "groovy",
      "destination": "/tmp"
    },
    {
      "type": "shell",
      "environment_vars": [
        "JENKINS_CLI_LOCATION={{user `jenkins_cli_location`}}",
        "ENCRYPTION_KEY={{user `encryption_key`}}"
      ],
      "scripts": [
        "./scripts/setup-hostname.sh",
        "./scripts/unlock-credentials.sh",
        "./scripts/install-packages.sh",
        "./scripts/configure-nginx.sh",
        "./scripts/configure-jenkins.sh"
      ]
    }
  ]
}
