[
  {
    "siteId": "svap2",
    "url": "https://svapcert.deere.com",
    "javaProcesses": [
      {
        "server": "inst1.svapcert.ic.deere.com",
        "jvm": "svap",
        "loadBalancerRouteName": "17",
        "artifact": "https://repository.deere.com/artifactory/svap-snapshot/com/deere/svap/svap-develop-ui/3.27-SNAPSHOT/svap-develop-ui-3.27-SNAPSHOT.jar",
        "siteGroupNum": 1,
        "port": 8070,
        "maxMemory": 2200,
        "startOptions": "-Xms2200m -XX:+HeapDumpOnOutOfMemoryError -XX:+UnlockCommercialFeatures -XX:+FlightRecorder -javaagent:/opt/appdynamics/javaagent.jar -Dappdynamics.agent.applicationName=JDQuote2CERT -Dappdynamics.agent.nodeName=inst1.svapcert.ic.deere.com -Dappdynamics.agent.tierName=svapcert.deere.com"
      },
      {
        "server": "inst2.svapcert.ic.deere.com",
        "jvm": "svap",
        "loadBalancerRouteName": "18",
        "artifact": "https://repository.deere.com/artifactory/svap-snapshot/com/deere/svap/svap-develop-ui/3.27-SNAPSHOT/svap-develop-ui-3.27-SNAPSHOT.jar",
        "siteGroupNum": 2,
        "port": 8070,
        "maxMemory": 2200,
        "startOptions": "-Xms2200m -XX:+HeapDumpOnOutOfMemoryError -XX:+UnlockCommercialFeatures -XX:+FlightRecorder -javaagent:/opt/appdynamics/javaagent.jar -Dappdynamics.agent.applicationName=JDQuote2CERT -Dappdynamics.agent.nodeName=inst2.svapcert.ic.deere.com -Dappdynamics.agent.tierName=svapcert.deere.com"
      },
      {
        "server": "inst3.svapcert.ic.deere.com",
        "jvm": "svap",
        "loadBalancerRouteName": "19",
        "artifact": "https://repository.deere.com/artifactory/svap-snapshot/com/deere/svap/svap-develop-ui/3.27-SNAPSHOT/svap-develop-ui-3.27-SNAPSHOT.jar",
        "siteGroupNum": 3,
        "port": 8070,
        "maxMemory": 3300,
        "startOptions": "-Xms3300m -XX:+HeapDumpOnOutOfMemoryError -XX:+UnlockCommercialFeatures -XX:+FlightRecorder"
      },
      {
        "server": "10.204.48.147",
        "jvm": "svap",
        "loadBalancerRouteName": "19",
        "artifact": "https://repository.deere.com/artifactory/svap-snapshot/com/deere/svap/svap-develop-ui/3.27-SNAPSHOT/svap-develop-ui-3.27-SNAPSHOT.jar",
        "siteGroupNum": 4,
        "port": 8070,
        "maxMemory": 2200,
        "startOptions": "-Xms2200m -XX:+HeapDumpOnOutOfMemoryError -XX:+UnlockCommercialFeatures -XX:+FlightRecorder -javaagent:/opt/appdynamics/javaagent.jar -Dappdynamics.agent.applicationName=JDQuote2CERT -Dappdynamics.agent.nodeName=inst3.svapcert.ic.deere.com -Dappdynamics.agent.tierName=svapcert.deere.com"
      }
    ]
  },
  {
    "siteId": "svap2-spa",
    "webSites": [
      {
        "server": "inst1.svapcert.ic.deere.com",
        "jvm": "svap-ui",
        "source": "\\\\channel\\svap\\ci\\spa-releases\\spa-3.27-2018-05-21\\*",
        "siteGroupNum": 1
      },
      {
        "server": "inst2.svapcert.ic.deere.com",
        "jvm": "svap-ui",
        "source": "\\\\channel\\svap\\ci\\spa-releases\\spa-3.27-2018-05-21\\*",
        "siteGroupNum": 2
      },
      {
        "server": "inst3.svapcert.ic.deere.com",
        "jvm": "svap-ui",
        "source": "\\\\channel\\svap\\ci\\spa-releases\\spa-3.27-2018-05-21\\*",
        "siteGroupNum": 3
      },
      {
        "server": "10.204.48.147",
        "jvm": "svap-ui",
        "source": "\\\\channel\\svap\\ci\\spa-releases\\spa-3.27-2018-05-21\\*",
        "siteGroupNum": 4
      }
    ]
  },
  {
    "siteId": "svap2-hotfix",
    "javaProcesses": [
      {
        "server": "inst1.svapcert2.ic.deere.com",
        "jvm": "svap",
        "loadBalancerRouteName": "",
        "artifact": "https://repository.deere.com/artifactory/svap-snapshot/com/deere/svap/svap-develop-ui/3.26.15-SNAPSHOT/svap-develop-ui-3.26.15-SNAPSHOT.jar",
        "siteGroupNum": 1,
        "port": 8070,
        "maxMemory": 4400,
        "startOptions": "-Xms2200m -XX:+HeapDumpOnOutOfMemoryError -XX:+UnlockCommercialFeatures -XX:+FlightRecorder",
        "siteMinderSimulator": {
          "userId": "AM94477",
          "racfGroups": "RACFGRP1^RACFGRP2^RACFGRP3"
        }
      }
    ]
  },
  {
    "siteId": "svap2-hotfix-spa",
    "webSites": [
      {
        "server": "inst1.svapcert2.ic.deere.com",
        "jvm": "svap-ui",
        "source": "\\\\channel\\svap\\ci\\spa-releases\\spa-3.26.6.1-2018-05-21\\*",
        "siteGroupNum": 1
      }
    ]
  },
  {
    "siteId": "svap2-hotfix2-esf",
    "javaProcesses": [
      {
        "server": "hotfix2.svapcert.ic-esf.deere.com",
        "jvm": "svap",
        "loadBalancerRouteName": "",
        "artifact": "https://repository.deere.com/artifactory/svap-snapshot/com/deere/svap/svap-develop-ui/3.26.6.11-SNAPSHOT/svap-develop-ui-3.26.6.11-SNAPSHOT.jar",
        "siteGroupNum": 1,
        "port": 8070,
        "maxMemory": 2200,
        "startOptions": "-Xms2200m -XX:+HeapDumpOnOutOfMemoryError -XX:+UnlockCommercialFeatures -XX:+FlightRecorder",
        "siteMinderSimulator": {
          "userId": "AM94477",
          "racfGroups": "RACFGRP1^RACFGRP2^RACFGRP3"
        }
      }
    ]
  },
  {
    "siteId": "svap2-hotfix2-spa-esf",
    "webSites": [
      {
        "server": "hotfix2.svapcert.ic-esf.deere.com",
        "jvm": "svap-ui",
        "source": "\\\\channel\\svap\\ci\\spa-releases\\spa-3.26.6.1-2018-05-21\\*",
        "siteGroupNum": 1
      }
    ]
  },
  {
    "siteId": "svap2-hotfix2",
    "javaProcesses": [
      {
        "server": "hotfix2.svapcert.ic.deere.com",
        "jvm": "svap",
        "loadBalancerRouteName": "",
        "artifact": "https://repository.deere.com/artifactory/svap-snapshot/com/deere/svap/svap-develop-ui/3.26.6.11-SNAPSHOT/svap-develop-ui-3.26.6.11-SNAPSHOT.jar",
        "siteGroupNum": 1,
        "port": 8070,
        "maxMemory": 2200,
        "startOptions": "-Xms2200m -XX:+HeapDumpOnOutOfMemoryError -XX:+UnlockCommercialFeatures -XX:+FlightRecorder",
        "siteMinderSimulator": {
          "userId": "AM94477",
          "racfGroups": "RACFGRP1^RACFGRP2^RACFGRP3"
        }
      }
    ]
  },
  {
    "siteId": "svap2-hotfix2-spa",
    "webSites": [
      {
        "server": "hotfix2.svapcert.ic.deere.com",
        "jvm": "svap-ui",
        "source": "\\\\channel\\svap\\ci\\spa-releases\\spa-3.26.6.1-2018-05-21\\*",
        "siteGroupNum": 1
      }
    ]
  },
  {
    "siteId": "svap-monitor",
    "javaProcesses": [
      {
        "server": "monitor.svapcert.ic.deere.com",
        "jvm": "svap-monitor",
        "loadBalancerRouteName": "na",
        "artifact": "https://repository.deere.com/artifactory/svap-snapshot/com/deere/svap/svap-monitor/2.3-SNAPSHOT/svap-monitor-2.3-SNAPSHOT.jar",
        "siteGroupNum": 1,
        "port": 8070,
        "outputRedirectFile": "SystemOut.log"
      }
    ]
  },
  {
    "siteId": "svap",
    "url": "http://serviceadmincert.deere.com/",
    "websphereJvms": [
      {
        "version": "7",
        "host": "ldxcwas1.dx.deere.com",
        "nodeName": "ldxcwas3",
        "name": "ServAdm",
        "siteGroupNum": 1,
        "configurationReplacements": [
          {
            "oldValue": "\"${ServAdminInputListener.initiallyStarted}\"",
            "newValue": "false"
          },
          {
            "oldValue": "\"${JMSListeners.initiallyStarted}\"",
            "newValue": "true"
          },
          {
            "oldValue": "\"${ServAdminMessageBrokerInputListener.initiallyStarted}\"",
            "newValue": "true"
          },
          {
            "oldValue": "\"${ExpertAlertListener.initiallyStarted}\"",
            "newValue": "false"
          },
          {
            "oldValue": "${azureListener.initialState}",
            "newValue": "true"
          }
        ],
        "applications": [
          {
            "name": "ServiceAdmin",
            "artifact": "https://repository.deere.com/artifactory/svap-release/com/deere/svap/svap-ear/1.5.22/svap-ear-1.5.22.ear"
          }
        ]
      },
      {
        "version": "7",
        "host": "ldxcwas1.dx.deere.com",
        "nodeName": "ldxcwas4",
        "name": "ServAdm1",
        "siteGroupNum": 2,
        "configurationReplacements": [
          {
            "oldValue": "\"${ServAdminInputListener.initiallyStarted}\"",
            "newValue": "false"
          },
          {
            "oldValue": "\"${JMSListeners.initiallyStarted}\"",
            "newValue": "true"
          },
          {
            "oldValue": "\"${ServAdminMessageBrokerInputListener.initiallyStarted}\"",
            "newValue": "false"
          },
          {
            "oldValue": "\"${ExpertAlertListener.initiallyStarted}\"",
            "newValue": "false"
          },
          {
            "oldValue": "${azureListener.initialState}",
            "newValue": "true"
          }
        ],
        "applications": [
          {
            "name": "ServiceAdmin1",
            "artifact": "https://repository.deere.com/artifactory/svap-release/com/deere/svap/svap-ear/1.5.22/svap-ear-1.5.22.ear"
          }
        ]
      }
    ]
  },
  {
    "siteId": "svap-dms",
    "url": "http://serviceadmincert.deere.com/",
    "websphereJvms": [
      {
        "version": "7",
        "host": "ldxcwas1.dx.deere.com",
        "nodeName": "ldxcwas11",
        "name": "ServAdmn",
        "siteGroupNum": 1,
        "configurationReplacements": [],
        "applications": [
          {
            "name": "ServiceAdmin02",
            "artifact": "https://repository.deere.com/artifactory/svap-release/com/deere/svap/svap-interfaces-ear/1.5.8/svap-interfaces-ear-1.5.8.ear"
          }
        ]
      },
      {
        "version": "7",
        "host": "ldxcwas1.dx.deere.com",
        "nodeName": "ldxcwas12",
        "name": "ServAdmn",
        "siteGroupNum": 2,
        "configurationReplacements": [],
        "applications": [
          {
            "name": "ServiceAdmin03",
            "artifact": "https://repository.deere.com/artifactory/svap-release/com/deere/svap/svap-interfaces-ear/1.5.8/svap-interfaces-ear-1.5.8.ear"
          }
        ]
      }
    ]
  },
  {
    "siteId": "dtc-collector",
    "javaProcesses": [
      {
        "server": "dtc-collector1.svapcert.ic.deere.com",
        "jvm": "app",
        "loadBalancerRouteName": "na",
        "artifact": "https://repository.deere.com/artifactory/svap-snapshot/com/deere/svap/dtc-collector/1.9/dtc-collector-1.9.jar",
        "siteGroupNum": 1,
        "port": 8070,
        "maxMemory": 2000,
        "startOptions": "-Xdebug -Xrunjdwp:server=y,transport=dt_socket,address=4000,suspend=n -XX:+HeapDumpOnOutOfMemoryError -XX:+UnlockCommercialFeatures -XX:+FlightRecorder",
        "outputRedirectFile": "SystemOut.log"
      }
    ]
  }
]