[
  {
      "siteId":"svap2"
    , "url":"https://svap.tal.deere.com"
    , "javaProcesses": [
        {
              "server":"inst1.svapdevl.ic.deere.com"
            , "jvm":"svap"
            , "loadBalancerRouteName": "01"
            , "artifact":"https://repository.deere.com/artifactory/svap-snapshot/com/deere/svap/svap-develop-ui/3.28-SNAPSHOT/svap-develop-ui-3.28-SNAPSHOT.jar"
            , "siteGroupNum": 1
            , "port": 8070
            , "maxMemory": 2200
            , "_comment" : "This is commented"
            , "startOptions":"-Xms2200m -Xdebug -Xrunjdwp:server=y,transport=dt_socket,address=4000,suspend=n -XX:+HeapDumpOnOutOfMemoryError -XX:+UnlockCommercialFeatures -XX:+FlightRecorder"
        }
        , {
              "server":"inst2.svapdevl.ic.deere.com"
            , "jvm":"svap"
            , "loadBalancerRouteName": "02"
            , "artifact":"https://repository.deere.com/artifactory/svap-snapshot/com/deere/svap/svap-develop-ui/3.28-SNAPSHOT/svap-develop-ui-3.28-SNAPSHOT.jar"
            , "siteGroupNum": 2
            , "port": 8070
            , "maxMemory": 2200
            , "startOptions":"-Xms2200m -Xdebug -Xrunjdwp:server=y,transport=dt_socket,address=4000,suspend=n -XX:+HeapDumpOnOutOfMemoryError -XX:+UnlockCommercialFeatures -XX:+FlightRecorder"
        }
      ]
  }
  , {
      "siteId":"svap2-spa"
    , "webSites": [
        {
              "server":"inst1.svapdevl.ic.deere.com"
            , "jvm":"svap-ui"
            , "source":"\\\\channel\\\\svap\\ci\\spa\\*"
            ,"artifact": "https://repository.deere.com/artifactory/svap-snapshot-local/com/deere/svap/svap-ui-test/svap-ui-007.zip"
            , "siteGroupNum": 1
        }
        , {
              "server":"inst2.svapdevl.ic.deere.com"
            , "jvm":"svap-ui"
            , "source":"\\\\channel\\\\svap\\ci\\spa\\*"
            ,"artifact": "https://repository.deere.com/artifactory/svap-snapshot-local/com/deere/svap/svap-ui-test/svap-ui-007.zip"
            , "siteGroupNum": 2
        }
      ]
  }
  ,{
    "siteId": "svap2-reporting",
    "url": "",
    "javaProcesses": [
        {
            "server": "204.54.24.175",
            "jvm": "svap-reporting",
            "loadBalancerRouteName": "01",
            "artifact": "https://repository.deere.com/artifactory/svap-snapshot/com/deere/svap/svap-reporting/1.0-SNAPSHOT/svap-reporting-1.0-SNAPSHOT.jar",
            "siteGroupNum": 1,
            "port": 8070,
            "maxMemory": 1100,
            "startOptions": "-Xms1100m -Xdebug -Xrunjdwp:server=y,transport=dt_socket,address=4000,suspend=n -XX:+HeapDumpOnOutOfMemoryError -XX:+UnlockCommercialFeatures -XX:+FlightRecorder"
        }
    ]
  }
  , {
      "siteId":"svap-monitor"
    , "javaProcesses": [
        {
              "server":"monitor.svapdevl.ic.deere.com"
            , "jvm":"monitor"
            , "loadBalancerRouteName": "na"
            , "artifact":"https://repository.deere.com/artifactory/svap-snapshot/com/deere/svap/svap-monitor/2.3-SNAPSHOT/svap-monitor-2.3-SNAPSHOT.jar"
            , "siteGroupNum": 1
            , "port": 8070
            , "outputRedirectFile": "SystemOut.log"
        }
      ]
  }
  , {
      "siteId":"micro-parts"
    , "javaProcesses": [
        {
              "server":"parts1.channelmicrodevl.ic.deere.com"
            , "jvm":"app"
            , "loadBalancerRouteName": "na"
            , "artifact":"https://repository.deere.com/artifactory/svap-snapshot/com/deere/svap/part-price-client/4.0-SNAPSHOT/part-price-client-4.0-SNAPSHOT.jar"
            , "siteGroupNum": 1
            , "port": 8070
            , "maxMemory": 1000
            , "startOptions":"-Xdebug -Xrunjdwp:server=y,transport=dt_socket,address=4000,suspend=n -XX:+HeapDumpOnOutOfMemoryError -XX:+UnlockCommercialFeatures -XX:+FlightRecorder"
            , "outputRedirectFile": "SystemOut.log"
        }
      ]
  }
  , {
      "siteId":"micro-eph"
    , "javaProcesses": [
        {
              "server":"eph1.channelmicrodevl.ic.deere.com"
            , "jvm":"app"
            , "loadBalancerRouteName": "na"
            , "artifact":"https://repository.deere.com/artifactory/svap-snapshot/com/deere/svap/eph-microservice/1.6-SNAPSHOT/eph-microservice-1.6-SNAPSHOT.jar"
            , "siteGroupNum": -1
            , "port": 8070
            , "maxMemory": 4400
            , "startOptions":"-Xdebug -Xrunjdwp:server=y,transport=dt_socket,address=4000,suspend=n -XX:+HeapDumpOnOutOfMemoryError -XX:+UnlockCommercialFeatures -XX:+FlightRecorder"
            , "outputRedirectFile": "SystemOut.log"
        }
        , {
              "server":"eph2.channelmicrodevl.ic.deere.com"
            , "jvm":"app"
            , "loadBalancerRouteName": "na"
            , "artifact":"https://repository.deere.com/artifactory/svap-snapshot/com/deere/svap/eph-microservice/1.3-FIX/eph-microservice-1.3-FIX.jar"
            , "siteGroupNum": -2
            , "port": 8070
            , "maxMemory": 4400
            , "startOptions":"-Xdebug -Xrunjdwp:server=y,transport=dt_socket,address=4000,suspend=n -XX:+HeapDumpOnOutOfMemoryError -XX:+UnlockCommercialFeatures -XX:+FlightRecorder"
            , "outputRedirectFile": "SystemOut.log"
        }
      ]
  }
   , {
      "siteId":"micro-accountflex"
    , "javaProcesses": [
        {
              "server":"accountflex1.channelmicrodevl.ic.deere.com"
            , "jvm":"app"
            , "loadBalancerRouteName": "na"
            , "artifact":"https://repository.deere.com/artifactory/svap-snapshot/com/deere/svap/microservice/accountflex-microservice/4.3-SNAPSHOT/accountflex-microservice-4.3-SNAPSHOT.jar"
            , "siteGroupNum": 1
            , "port": 8070
            , "maxMemory": 1000
            , "startOptions":"-Xdebug -Xrunjdwp:server=y,transport=dt_socket,address=4000,suspend=n -XX:+HeapDumpOnOutOfMemoryError -XX:+UnlockCommercialFeatures -XX:+FlightRecorder"
            , "outputRedirectFile": "SystemOut.log"
        }
      ]
  }
  , {
      "siteId":"dtc-collector"
    , "javaProcesses": [
        {
              "server":"dtc-collector1.svapdevl.ic.deere.com"
            , "jvm":"app"
            , "loadBalancerRouteName": "na"
            , "artifact":"https://repository.deere.com/artifactory/svap-snapshot/com/deere/svap/dtc-collector/1.10-SNAPSHOT/dtc-collector-1.10-SNAPSHOT.jar"
            , "siteGroupNum": 1
            , "port": 8070
            , "maxMemory": 2000
            , "startOptions":"-Xdebug -Xrunjdwp:server=y,transport=dt_socket,address=4000,suspend=n -XX:+HeapDumpOnOutOfMemoryError -XX:+UnlockCommercialFeatures -XX:+FlightRecorder"
            , "outputRedirectFile": "SystemOut.log"
        }
        , {
              "server":"dtc-collector2.svapdevl.ic.deere.com"
            , "jvm":"app"
            , "loadBalancerRouteName": "na"
            , "artifact":"https://repository.deere.com/artifactory/svap-snapshot/com/deere/svap/dtc-collector/1.10-SNAPSHOT/dtc-collector-1.10-SNAPSHOT.jar"
            , "siteGroupNum": 2
            , "port": 8070
            , "maxMemory": 2000
            , "startOptions":"-Xdebug -Xrunjdwp:server=y,transport=dt_socket,address=4000,suspend=n -XX:+HeapDumpOnOutOfMemoryError -XX:+UnlockCommercialFeatures -XX:+FlightRecorder"
            , "outputRedirectFile": "SystemOut.log"
        }
      ]
  }
  , {
      "siteId":"micro-ckc"
    , "javaProcesses": [
        {
              "server":"ckc1.svapdevl.ic.deere.com"
            , "jvm":"app"
            , "loadBalancerRouteName": "na"
            , "artifact":"https://repository.deere.com/artifactory/svap-snapshot/com/deere/svap/ckc-client/0.1-SNAPSHOT/ckc-client-0.1-SNAPSHOT.jar"
            , "siteGroupNum": 1
            , "port": 8070
            , "maxMemory": 2000
            , "startOptions":"-Xdebug -Xrunjdwp:server=y,transport=dt_socket,address=4000,suspend=n -XX:+HeapDumpOnOutOfMemoryError -XX:+UnlockCommercialFeatures -XX:+FlightRecorder"
            , "outputRedirectFile": "SystemOut.log"
        }
      ]
  }
]
